{
	"metadata": {
		"version": 4.5,
		"type": "Object",
		"generator": "Object3D.toJSON"
	},
	"geometries": [
		{
			"uuid": "2628EFC5-02EA-4821-92B4-4CED1EAAD0C3",
			"type": "BoxBufferGeometry",
			"width": 1,
			"height": 1,
			"depth": 1,
			"widthSegments": 1,
			"heightSegments": 1,
			"depthSegments": 1
		}],
	"materials": [
		{
			"uuid": "C896A24A-37F8-4B95-AFA9-1A08842DF95F",
			"type": "MeshStandardMaterial",
			"color": 16777215,
			"roughness": 0.5,
			"metalness": 0.5,
			"emissive": 0,
			"depthFunc": 3,
			"depthTest": true,
			"depthWrite": true
		}],
	"object": {
		"uuid": "31517222-A9A7-4EAF-B5F6-60751C0BABA3",
		"type": "Scene",
		"name": "Scene",
		"layers": 1,
		"matrix": [1,0,0,0,0,1,0,0,0,0,1,0,0,0,0,1],
		"children": [
			{
				"uuid": "6DE311E1-FDBA-4BC1-942C-AF4ACADCBEEE",
				"type": "Mesh",
				"name": "Box",
				"layers": 1,
				"matrix": [1,0,0,0,0,1,0,0,0,0,1,0,0,0,0,1],
				"geometry": "2628EFC5-02EA-4821-92B4-4CED1EAAD0C3",
				"material": "C896A24A-37F8-4B95-AFA9-1A08842DF95F"
			},
			{
				"uuid": "3FE73C05-915A-44F3-8F1D-E97E3AD96E10",
				"type": "AmbientLight",
				"name": "AmbientLight",
				"layers": 1,
				"matrix": [1,0,0,0,0,1,0,0,0,0,1,0,0,0,0,1],
				"color": 16777215,
				"intensity": 1
			}],
		"background": 11184810
	}
}